"Yr","Cls","Ht","Player","Team","Conf","G.x","Min%","PRPG!","GBPM","ORtg","Usg","eFG","TS","OR","DR","Ast","TO","Blk","Stl","FTR","FT_raw","FT_pct","2P_raw","2P_pct","3P_raw","3P_pct","Draft_Yr","Pk","Tm","College","Yrs","G.y","MP","PTS","TRB","AST","FG_Perc","X3P_Perc","FT_Perc","MP_per_G","PTS_per_G_per_G","TRB_per_G_per_G","AST_per_G_per_G","WS_per_G","WS_per_48","BPM","VORP"
2011,"So","6-8","Derrick Williams","Arizona","P12","38","74.1","5.9","12.0","123.1","28.7","65.0","69.0","11.8",16,8.7,18.2,2.3,1.9,87.1,"247-331",0.746,"184-306",0.601,"42-74",0.568,2011,2,"MIN","University of Arizona",7,428,8864,3809,1693,293,0.434,0.3,0.71,20.7,8.9,4,0.7,14.1,0.076,-3.2,-2.6
2011,"So","6-8","Derrick Williams","Conf. games:","Conf. games:","18","75.6","5.4","10.1","117.3","28.0","64.5","67.3","11.2",23.1,8,19.3,2,1.5,92.4,"111-159",0.698,"87-143",0.608,"16-29",0.552,2011,2,"MIN","University of Arizona",7,428,8864,3809,1693,293,0.434,0.3,0.71,20.7,8.9,4,0.7,14.1,0.076,-3.2,-2.6
2011,"So","6-8","Derrick Williams","Top 100 quality games:","Top 100:","23","76.6","5.9","10.5","116.2","29.7","59.9","64.9","10.5",20.9,8.4,18.6,2.3,1.7,80.6,"151-204",0.74,"117-203",0.576,"23-50",0.46,2011,2,"MIN","University of Arizona",7,428,8864,3809,1693,293,0.434,0.3,0.71,20.7,8.9,4,0.7,14.1,0.076,-3.2,-2.6
2011,"So","6-8","Derrick Williams","Top 50 quality games:","Top 50:","12","80.2","5.9","10.2","108.5","32.2","53.2","58.4","11.4",23.1,10.3,19.2,2.8,2.2,64.6,"73-102",0.716,"63-125",0.504,"14-33",0.424,2011,2,"MIN","University of Arizona",7,428,8864,3809,1693,293,0.434,0.3,0.71,20.7,8.9,4,0.7,14.1,0.076,-3.2,-2.6
2011,"Jr","6-3","Reggie Jackson","Boston College","ACC","34","85.4","6.3","8.2","120.5","27.2","58.5","61.8","3.9",6.8,29.7,16,1.7,1.9,31.5,"109-137",0.796,"148-266",0.556,"71-169",0.42,2011,24,"OKC","Boston College",8,530,13377,6835,1567,2330,0.429,0.333,0.859,25.2,12.9,3,4.4,28.2,0.101,-0.1,6.6
2011,"Jr","6-3","Reggie Jackson","Conf. games:","Conf. games:","16","83.3","6.6","8.5","118.9","28.0","55.0","60.0","3.6",8.8,30.9,15.5,1.7,1.8,33.2,"60-69",0.87,"65-125",0.52,"33-83",0.398,2011,24,"OKC","Boston College",8,530,13377,6835,1567,2330,0.429,0.333,0.859,25.2,12.9,3,4.4,28.2,0.101,-0.1,6.6
2011,"Jr","6-3","Reggie Jackson","Top 100 quality games:","Top 100:","21","87.5","5.5","5.6","110.6","27.1","50.5","54.9","3.6",7.3,26.3,15.5,1.2,1.7,28.9,"66-80",0.825,"83-166",0.5,"38-111",0.342,2011,24,"OKC","Boston College",8,530,13377,6835,1567,2330,0.429,0.333,0.859,25.2,12.9,3,4.4,28.2,0.101,-0.1,6.6
2011,"Jr","6-3","Reggie Jackson","Top 50 quality games:","Top 50:","10","88.8","4.1","1.7","96.2","28.8","42.0","46.9","2.5",7.4,29,17.3,2,0.9,29.4,"33-42",0.786,"36-87",0.414,"16-56",0.286,2011,24,"OKC","Boston College",8,530,13377,6835,1567,2330,0.429,0.333,0.859,25.2,12.9,3,4.4,28.2,0.101,-0.1,6.6
2011,"Jr","6-3","Shelvin Mack","Butler","Horz","37","79.4","4.0","5.7","107.1","27.9","49.0","53.2","2.7",10,25.1,16.9,0.3,1.4,32.6,"120-156",0.769,"107-237",0.451,"85-242",0.351,2011,34,"WAS","Butler University",8,456,8392,2997,894,1421,0.423,0.33,0.731,18.4,6.6,2,3.1,10.3,0.059,-2.7,-1.5
2011,"Jr","6-3","Shelvin Mack","Conf. games:","Conf. games:","18","81.2","3.6","3.6","106.6","26.9","47.5","53.1","2.1",13.9,23.8,18.4,0.2,1.2,31.7,"60-70",0.857,"51-113",0.451,"36-108",0.333,2011,34,"WAS","Butler University",8,456,8392,2997,894,1421,0.423,0.33,0.731,18.4,6.6,2,3.1,10.3,0.059,-2.7,-1.5
2011,"Jr","6-3","Shelvin Mack","Top 100 quality games:","Top 100:","17","79.4","4.2","6.0","103.9","28.3","50.5","54.3","2.7",9.7,24.8,20.1,0.4,1.3,34.1,"55-74",0.743,"42-93",0.452,"45-124",0.363,2011,34,"WAS","Butler University",8,456,8392,2997,894,1421,0.423,0.33,0.731,18.4,6.6,2,3.1,10.3,0.059,-2.7,-1.5
2011,"Jr","6-3","Shelvin Mack","Top 50 quality games:","Top 50:","8","79.1","5.3","9.9","104.7","32.3","51.8","56.2","3.7",7,27.3,18.7,0.9,2.4,39.8,"34-45",0.756,"21-44",0.477,"25-69",0.362,2011,34,"WAS","Butler University",8,456,8392,2997,894,1421,0.423,0.33,0.731,18.4,6.6,2,3.1,10.3,0.059,-2.7,-1.5
2011,"Sr","6-2","Jimmer Fredette","BYU","MWC","36","89.4","7.4","10.5","114.7","36.6","53.1","59.2","2.0",5.6,28.6,15.3,0.1,2.1,36.9,"250-280",0.893,"221-450",0.491,"121-308",0.393,2011,10,"MIL","Brigham Young University",6,241,3213,1438,243,331,0.409,0.372,0.879,13.3,6,1,1.4,2.2,0.033,-4.2,-1.8
2011,"Sr","6-2","Jimmer Fredette","Conf. games:","Conf. games:","16","92.0","8.2","10.9","114.7","38.5","52.2","60.0","1.9",8.5,27.8,15.7,0,2.3,47.1,"145-161",0.901,"93-209",0.445,"57-133",0.429,2011,10,"MIL","Brigham Young University",6,241,3213,1438,243,331,0.409,0.372,0.879,13.3,6,1,1.4,2.2,0.033,-4.2,-1.8
2011,"Sr","6-2","Jimmer Fredette","Top 100 quality games:","Top 100:","20","93.8","9.0","11.2","115.1","38.8","52.7","58.7","1.8",6.9,32.2,14.9,0,2.2,37.8,"152-174",0.874,"136-276",0.493,"71-184",0.386,2011,10,"MIL","Brigham Young University",6,241,3213,1438,243,331,0.409,0.372,0.879,13.3,6,1,1.4,2.2,0.033,-4.2,-1.8
2011,"Sr","6-2","Jimmer Fredette","Top 50 quality games:","Top 50:","12","94.0","9.3","11.7","115.2","38.3","54.3","59.7","1.8",6.9,31,15.4,0,2.1,37,"84-98",0.857,"75-154",0.487,"46-111",0.414,2011,10,"MIL","Brigham Young University",6,241,3213,1438,243,331,0.409,0.372,0.879,13.3,6,1,1.4,2.2,0.033,-4.2,-1.8
2011,"Jr","6-10","James Anderson","BYU","MWC","30","15.9","-0.4","-4.5","76.1","13.0","32.5","31.5","7.2",4.6,4.1,13,7.3,1.2,65,"7-26",0.269,"13-40",0.325,"0-0",0,2010,20,"SAS","Oklahoma State University",5,247,4320,1422,560,291,0.411,0.321,0.755,17.5,5.8,2.3,1.2,3.3,0.037,-2.8,-0.9
2011,"Jr","6-10","James Anderson","Conf. games:","Conf. games:","13","12.5","-0.1","-3.2","90.3","8.4","44.4","38.4","7.2",6.6,4,16.5,12.1,0.7,33.3,"0-3",0,"4-9",0.444,"0-0",0,2010,20,"SAS","Oklahoma State University",5,247,4320,1422,560,291,0.411,0.321,0.755,17.5,5.8,2.3,1.2,3.3,0.037,-2.8,-0.9
2011,"Jr","6-10","James Anderson","Top 100 quality games:","Top 100:","17","19.0","-0.4","-3.4","76.6","11.0","32.0","29.5","6.6",7.1,5.3,13.5,9.5,1.1,32,"1-8",0.125,"8-25",0.32,"0-0",0,2010,20,"SAS","Oklahoma State University",5,247,4320,1422,560,291,0.411,0.321,0.755,17.5,5.8,2.3,1.2,3.3,0.037,-2.8,-0.9
2011,"Jr","6-10","James Anderson","Top 50 quality games:","Top 50:","11","22.5","-0.7","-2.2","68.3","10.8","23.5","22.1","7.4",6.8,4.5,9.8,9.7,1.6,41.2,"1-7",0.143,"4-17",0.235,"0-0",0,2010,20,"SAS","Oklahoma State University",5,247,4320,1422,560,291,0.411,0.321,0.755,17.5,5.8,2.3,1.2,3.3,0.037,-2.8,-0.9
2011,"Sr","6-2","Norris Cole","Cleveland St.","Horz","34","90.2","6.0","10.0","112.9","32.8","47.0","54.8","2.5",12.6,38,14.3,0.3,3.7,47.2,"221-259",0.853,"189-407",0.464,"46-142",0.324,2011,28,"CHI","Cleveland State University",6,360,8018,2506,702,981,0.407,0.324,0.743,22.3,7,2,2.7,3,0.018,-4,-4
2011,"Sr","6-2","Norris Cole","Conf. games:","Conf. games:","18","90.0","6.1","10.0","114.6","32.3","48.7","56.1","2.4",18.8,41.4,15.8,0,3.5,48.3,"110-131",0.84,"99-204",0.485,"22-67",0.328,2011,28,"CHI","Cleveland State University",6,360,8018,2506,702,981,0.407,0.324,0.743,22.3,7,2,2.7,3,0.018,-4,-4
2011,"Sr","6-2","Norris Cole","Top 100 quality games:","Top 100:","11","96.6","5.8","6.5","106.4","32.3","45.0","51.8","2.5",11.2,35.7,15.5,0.3,2.6,38.2,"62-73",0.849,"59-133",0.444,"18-58",0.31,2011,28,"CHI","Cleveland State University",6,360,8018,2506,702,981,0.407,0.324,0.743,22.3,7,2,2.7,3,0.018,-4,-4
2011,"Sr","6-2","Norris Cole","Top 50 quality games:","Top 50:","4","97.5","8.1","11.5","114.1","33.6","50.0","55.7","2.7",10.9,32.1,11.6,0.7,3.6,32.1,"23-26",0.885,"21-53",0.396,"13-28",0.464,2011,28,"CHI","Cleveland State University",6,360,8018,2506,702,981,0.407,0.324,0.743,22.3,7,2,2.7,3,0.018,-4,-4
2011,"Sr","6-2","Andrew Goudelock","College of Charleston","SC","37","88.0","5.8","6.4","113.6","33.1","54.9","57.5","2.3",7.1,26.4,16.3,0.5,1.5,19.2,"110-134",0.821,"187-377",0.496,"131-322",0.407,2011,46,"LAL","College of Charleston",3,49,475,197,34,24,0.393,0.345,0.875,9.7,4,0.7,0.5,0,0.003,-6.5,-0.5
2011,"Sr","6-2","Andrew Goudelock","Conf. games:","Conf. games:","18","87.5","5.8","6.7","117.4","33.0","55.7","58.0","1.4",8.8,29,15,0.3,1.5,19.5,"51-65",0.785,"97-187",0.519,"59-146",0.404,2011,46,"LAL","College of Charleston",3,49,475,197,34,24,0.393,0.345,0.875,9.7,4,0.7,0.5,0,0.003,-6.5,-0.5
2011,"Sr","6-2","Andrew Goudelock","Top 100 quality games:","Top 100:","9","90.8","5.6","4.9","105.9","31.8","56.0","58.8","1.8",4.1,23.8,22.2,0.8,1.3,17.1,"24-27",0.889,"42-84",0.5,"31-74",0.419,2011,46,"LAL","College of Charleston",3,49,475,197,34,24,0.393,0.345,0.875,9.7,4,0.7,0.5,0,0.003,-6.5,-0.5
2011,"Sr","6-2","Andrew Goudelock","Top 50 quality games:","Top 50:","5","94.0","8.3","9.4","115.6","32.9","61.8","63.8","2.4",2.2,28.5,22,0.9,1.5,12.7,"12-13",0.923,"27-52",0.519,"24-50",0.48,2011,46,"LAL","College of Charleston",3,49,475,197,34,24,0.393,0.345,0.875,9.7,4,0.7,0.5,0,0.003,-6.5,-0.5
2011,"So","6-6","Alec Burks","Colorado","B12","37","78.2","5.8","6.9","116.2","32.1","49.8","57.7","9.1",11.2,19.8,15,1,2,57.8,"245-298",0.822,"215-421",0.511,"28-95",0.295,2011,12,"UTA","University of Colorado",8,429,9052,4089,1304,729,0.423,0.355,0.771,21.1,9.5,3,1.7,13,0.069,-2.2,-0.5
2011,"So","6-6","Alec Burks","Conf. games:","Conf. games:","16","81.6","5.3","4.1","104.4","34.1","44.0","52.4","9.5",17.2,19.1,17.9,1.2,1.3,53.9,"106-131",0.809,"86-194",0.443,"14-49",0.286,2011,12,"UTA","University of Colorado",8,429,9052,4089,1304,729,0.423,0.355,0.771,21.1,9.5,3,1.7,13,0.069,-2.2,-0.5
2011,"So","6-6","Alec Burks","Top 100 quality games:","Top 100:","24","81.3","6.5","6.4","112.6","33.6","46.0","55.7","9.4",12.4,20.5,15.7,0.9,1.7,64.7,"187-225",0.831,"133-283",0.47,"18-65",0.277,2011,12,"UTA","University of Colorado",8,429,9052,4089,1304,729,0.423,0.355,0.771,21.1,9.5,3,1.7,13,0.069,-2.2,-0.5
2011,"So","6-6","Alec Burks","Top 50 quality games:","Top 50:","10","83.5","6.3","5.6","106.9","33.6","43.7","52.0","9.0",12.7,23.7,15.8,1.2,1.4,62,"71-93",0.763,"55-118",0.466,"7-32",0.219,2011,12,"UTA","University of Colorado",8,429,9052,4089,1304,729,0.423,0.355,0.771,21.1,9.5,3,1.7,13,0.069,-2.2,-0.5
2011,"Sr","6-2","Nolan Smith","Duke","ACC","37","85.1","6.1","9.0","114.0","30.8","50.8","56.4","4.1",6.8,30.3,17.3,0.2,2,40.5,"187-230",0.813,"203-405",0.501,"57-163",0.35,2011,21,"POR","Duke University",2,84,829,277,83,97,0.371,0.26,0.714,9.9,3.3,1,1.2,-0.8,-0.047,-6.5,-0.9
2011,"Sr","6-2","Nolan Smith","Conf. games:","Conf. games:","16","91.3","7.3","10.5","114.8","32.5","49.3","55.4","3.6",9.2,31.5,15.1,0.1,2.4,33.6,"87-98",0.888,"102-210",0.486,"28-82",0.341,2011,21,"POR","Duke University",2,84,829,277,83,97,0.371,0.26,0.714,9.9,3.3,1,1.2,-0.8,-0.047,-6.5,-0.9
2011,"Sr","6-2","Nolan Smith","Top 100 quality games:","Top 100:","26","90.8","6.6","7.8","110.7","31.2","49.4","55.5","3.9",7.1,26.4,17.7,0.1,1.7,42.8,"148-182",0.813,"153-304",0.503,"38-121",0.314,2011,21,"POR","Duke University",2,84,829,277,83,97,0.371,0.26,0.714,9.9,3.3,1,1.2,-0.8,-0.047,-6.5,-0.9
2011,"Sr","6-2","Nolan Smith","Top 50 quality games:","Top 50:","16","90.3","6.1","6.7","106.7","31.0","47.3","53.7","3.8",6.1,23.1,17.3,0.2,1.7,45.2,"93-117",0.795,"91-185",0.492,"21-74",0.284,2011,21,"POR","Duke University",2,84,829,277,83,97,0.371,0.26,0.714,9.9,3.3,1,1.2,-0.8,-0.047,-6.5,-0.9
2011,"Fr","6-2","Kyrie Irving","Duke","ACC","11","20.5","6.1","13.9","130.5","27.2","61.5","69.7","2.3",4.1,29.8,18.6,1.8,3,68.3,"64-71",0.901,"37-65",0.569,"18-39",0.462,2011,1,"CLE","Duke University",8,508,17169,11294,1852,2884,0.465,0.39,0.875,33.8,22.2,3.6,5.7,58.4,0.163,3.7,24.9
2011,"Fr","6-2","Kyrie Irving","Top 100 quality games:","Top 100:","7","20.6","6.5","11.9","122.7","28.0","59.6","68.4","1.1",3.4,24.7,21,1.2,3.2,74,"48-54",0.889,"30-49",0.612,"9-24",0.375,2011,1,"CLE","Duke University",8,508,17169,11294,1852,2884,0.465,0.39,0.875,33.8,22.2,3.6,5.7,58.4,0.163,3.7,24.9
2011,"Fr","6-2","Kyrie Irving","Top 50 quality games:","Top 50:","5","23.6","5.8","9.8","118.4","27.5","56.0","66.0","0.8",5,26.9,22,0.6,2.7,70,"32-35",0.914,"19-32",0.594,"6-18",0.333,2011,1,"CLE","Duke University",8,508,17169,11294,1852,2884,0.465,0.39,0.875,33.8,22.2,3.6,5.7,58.4,0.163,3.7,24.9
2011,"Sr","6-8","Kyle Singler","Duke","ACC","37","86.9","4.7","6.1","112.3","23.5","49.1","53.6","8.0",10.7,8.8,13.2,0.8,1.5,30.5,"125-155",0.806,"157-316",0.497,"62-193",0.321,2011,33,"DET","Duke University",6,356,7794,2326,1026,272,0.418,0.362,0.786,21.9,6.5,2.9,0.8,10,0.062,-1.6,0.7
2011,"Sr","6-8","Kyle Singler","Conf. games:","Conf. games:","16","90.8","4.1","4.3","104.6","24.1","44.6","48.7","8.4",13.8,9.7,13.9,0.6,1,26.4,"47-61",0.77,"64-142",0.451,"26-89",0.292,2011,33,"DET","Duke University",6,356,7794,2326,1026,272,0.418,0.362,0.786,21.9,6.5,2.9,0.8,10,0.062,-1.6,0.7
2011,"Sr","6-8","Kyle Singler","Top 100 quality games:","Top 100:","26","92.3","4.6","4.9","108.2","22.6","47.5","52.3","6.9",12.2,7.5,14.2,0.8,1,28.1,"85-102",0.833,"111-222",0.5,"41-141",0.291,2011,33,"DET","Duke University",6,356,7794,2326,1026,272,0.418,0.362,0.786,21.9,6.5,2.9,0.8,10,0.062,-1.6,0.7
2011,"Sr","6-8","Kyle Singler","Top 50 quality games:","Top 50:","16","93.1","4.4","4.7","105.2","22.3","46.8","51.5","6.5",14.2,7,14.7,0.7,1,30.4,"53-66",0.803,"70-134",0.522,"21-83",0.253,2011,33,"DET","Duke University",6,356,7794,2326,1026,272,0.418,0.362,0.786,21.9,6.5,2.9,0.8,10,0.062,-1.6,0.7
2011,"Sr","6-0","Mike Scott","Fairleigh Dickinson","NEC","29","91.4","2.2","-0.2","99.8","23.8","46.7","53.5","2.9",7.6,27.5,23.8,0.6,2.5,44.9,"121-149",0.812,"65-178",0.365,"60-154",0.39,2012,43,"ATL","University of Virginia",7,436,7123,3115,1359,403,0.464,0.364,0.755,16.3,7.1,3.1,0.9,13.3,0.089,-2.4,-0.8
2011,"Sr","6-0","Mike Scott","Conf. games:","Conf. games:","18","89.8","1.5","-2.2","95.2","23.8","46.9","52.7","2.8",10.9,23.5,26.8,0.4,2.5,42,"63-81",0.778,"38-105",0.362,"35-88",0.398,2012,43,"ATL","University of Virginia",7,436,7123,3115,1359,403,0.464,0.364,0.755,16.3,7.1,3.1,0.9,13.3,0.089,-2.4,-0.8
2011,"Sr","6-0","Mike Scott","Top 100 quality games:","Top 100:","4","91.3","3.3","1.9","102.8","23.1","47.8","55.6","4.4",0.7,34.7,26.7,0,2.7,33.3,"15-15",1,"8-21",0.381,"9-24",0.375,2012,43,"ATL","University of Virginia",7,436,7123,3115,1359,403,0.464,0.364,0.755,16.3,7.1,3.1,0.9,13.3,0.089,-2.4,-0.8
2011,"Sr","6-0","Mike Scott","Top 50 quality games:","Top 50:","1","97.5","3.3","0.2","93.5","24.9","50.0","50.0","7.3",0,37,25.3,0,1.6,0,"0-0",0,"4-8",0.5,"2-6",0.333,2012,43,"ATL","University of Virginia",7,436,7123,3115,1359,403,0.464,0.364,0.755,16.3,7.1,3.1,0.9,13.3,0.089,-2.4,-0.8
2011,"Sr","6-10","Chandler Parsons","Florida","SEC","36","81.1","3.6","6.1","110.3","20.1","54.6","55.1","7.3",14.6,21.6,20.3,1.3,1.7,30,"54-97",0.557,"112-206",0.544,"43-117",0.368,2011,38,"HOU","University of Florida",8,435,13192,5557,1965,1198,0.462,0.373,0.713,30.3,12.8,4.5,2.8,29,0.106,1.6,12
2011,"Sr","6-10","Chandler Parsons","Conf. games:","Conf. games:","15","80.9","4.9","8.1","118.3","20.1","57.6","58.0","7.6",22,20.5,16.4,1,1.7,31,"26-45",0.578,"46-88",0.523,"25-57",0.439,2011,38,"HOU","University of Florida",8,435,13192,5557,1965,1198,0.462,0.373,0.713,30.3,12.8,4.5,2.8,29,0.106,1.6,12
2011,"Sr","6-10","Chandler Parsons","Top 100 quality games:","Top 100:","22","86.6","4.4","6.6","112.4","19.8","56.8","57.5","6.5",18.2,18.6,19.1,1.4,1.4,30.7,"37-63",0.587,"70-131",0.534,"31-74",0.419,2011,38,"HOU","University of Florida",8,435,13192,5557,1965,1198,0.462,0.373,0.713,30.3,12.8,4.5,2.8,29,0.106,1.6,12
2011,"Sr","6-10","Chandler Parsons","Top 50 quality games:","Top 50:","14","86.0","3.8","5.0","108.2","19.3","56.9","56.8","5.3",16.9,18,21.1,1.5,0.7,31.5,"21-39",0.538,"42-78",0.538,"19-46",0.413,2011,38,"HOU","University of Florida",8,435,13192,5557,1965,1198,0.462,0.373,0.713,30.3,12.8,4.5,2.8,29,0.106,1.6,12
2011,"Sr","6-10","Vernon Macklin","Florida","SEC","37","59.7","2.8","3.6","107.5","24.3","59.3","57.8","10.9",10.2,7.7,17.7,3.1,0.9,31.7,"46-102",0.451,"191-322",0.593,"0-0",0,2011,52,"DET","University of Florida",1,23,135,46,34,5,0.543,0,0.571,5.9,2,1.5,0.2,0.5,0.161,-0.6,0
2011,"Sr","6-10","Vernon Macklin","Conf. games:","Conf. games:","16","63.8","3.2","3.5","107.9","24.7","57.9","56.9","9.7",15.1,7.8,16.3,2,1.2,31.6,"23-48",0.479,"88-152",0.579,"0-0",0,2011,52,"DET","University of Florida",1,23,135,46,34,5,0.543,0,0.571,5.9,2,1.5,0.2,0.5,0.161,-0.6,0
2011,"Sr","6-10","Vernon Macklin","Top 100 quality games:","Top 100:","22","63.1","3.1","3.2","106.5","24.0","61.5","59.7","8.5",11.2,8.6,19.4,2.1,1.1,32.8,"29-63",0.46,"118-192",0.615,"0-0",0,2011,52,"DET","University of Florida",1,23,135,46,34,5,0.543,0,0.571,5.9,2,1.5,0.2,0.5,0.161,-0.6,0
2011,"Sr","6-10","Vernon Macklin","Top 50 quality games:","Top 50:","14","63.1","2.9","2.4","103.2","23.9","61.0","59.2","7.2",9.2,8.3,21.1,2.1,1,29.3,"16-36",0.444,"75-123",0.61,"0-0",0,2011,52,"DET","University of Florida",1,23,135,46,34,5,0.543,0,0.571,5.9,2,1.5,0.2,0.5,0.161,-0.6,0
2011,"Jr","6-9","Chris Singleton","Florida St.","ACC","28","59.6","2.6","7.7","102.7","23.6","49.5","53.1","8.2",8.9,8.9,18.2,5.9,3.9,44.1,"84-126",0.667,"89-191",0.466,"35-95",0.368,2011,18,"WAS","Florida State University",3,148,2605,612,472,92,0.376,0.319,0.633,17.6,4.1,3.2,0.6,2.3,0.042,-2.3,-0.2
2011,"Jr","6-9","Chris Singleton","Conf. games:","Conf. games:","11","51.6","2.3","6.1","100.1","20.3","50.0","52.2","3.6",14.9,5.2,15.5,3.9,3.2,36.4,"24-39",0.615,"34-69",0.493,"13-38",0.342,2011,18,"WAS","Florida State University",3,148,2605,612,472,92,0.376,0.319,0.633,17.6,4.1,3.2,0.6,2.3,0.042,-2.3,-0.2
2011,"Jr","6-9","Chris Singleton","Top 100 quality games:","Top 100:","16","54.6","3.0","7.5","102.6","23.1","49.1","52.5","6.7",10.2,6.8,15.9,4.8,3.2,38.8,"42-62",0.677,"47-103",0.456,"21-57",0.368,2011,18,"WAS","Florida State University",3,148,2605,612,472,92,0.376,0.319,0.633,17.6,4.1,3.2,0.6,2.3,0.042,-2.3,-0.2
2011,"Jr","6-9","Chris Singleton","Top 50 quality games:","Top 50:","10","57.1","3.0","7.2","98.4","24.3","48.1","51.6","7.2",7.4,6.6,18.4,4.6,3.5,37.4,"27-40",0.675,"29-65",0.446,"15-42",0.357,2011,18,"WAS","Florida State University",3,148,2605,612,472,92,0.376,0.319,0.633,17.6,4.1,3.2,0.6,2.3,0.042,-2.3,-0.2
2011,"Jr","6-4","Travis Leslie","Georgia","SEC","33","78.7","4.4","6.5","114.0","24.8","51.0","56.1","12.2",8.3,20.6,16.7,2,2.3,37.8,"109-136",0.801,"164-317",0.517,"13-43",0.302,2011,47,"LAC","University of Georgia",1,10,45,14,9,5,0.357,0,0.444,4.5,1.4,0.9,0.5,0.1,0.06,-0.2,0
2011,"Jr","6-4","Travis Leslie","Conf. games:","Conf. games:","16","80.6","4.9","5.8","114.4","24.8","54.1","58.5","10.8",12,24.1,18.7,1.2,1.7,39.8,"53-68",0.779,"79-152",0.52,"9-19",0.474,2011,47,"LAC","University of Georgia",1,10,45,14,9,5,0.357,0,0.444,4.5,1.4,0.9,0.5,0.1,0.06,-0.2,0
2011,"Jr","6-4","Travis Leslie","Top 100 quality games:","Top 100:","21","80.7","4.5","5.0","110.0","24.8","49.8","55.1","11.0",8.8,20.6,17.5,0.9,2.2,36.5,"69-85",0.812,"107-209",0.512,"6-24",0.25,2011,47,"LAC","University of Georgia",1,10,45,14,9,5,0.357,0,0.444,4.5,1.4,0.9,0.5,0.1,0.06,-0.2,0
2011,"Jr","6-4","Travis Leslie","Top 50 quality games:","Top 50:","11","86.7","5.0","6.3","107.5","26.6","50.0","55.4","11.8",9.6,21.3,19.3,1,2.7,40.7,"45-57",0.789,"67-127",0.528,"2-13",0.154,2011,47,"LAC","University of Georgia",1,10,45,14,9,5,0.357,0,0.444,4.5,1.4,0.9,0.5,0.1,0.06,-0.2,0
2011,"Jr","6-5","Iman Shumpert","Georgia Tech","ACC","31","79.4","4.2","8.1","107.1","28.7","45.4","51.7","5.8",9.9,25.7,14.6,0.7,5,40.1,"141-175",0.806,"135-285",0.474,"42-151",0.278,2011,17,"NYK","Georgia Institute of Technology",8,446,11218,3264,1499,833,0.393,0.34,0.766,25.2,7.3,3.4,1.9,12.9,0.055,-0.5,4.2
2011,"Jr","6-5","Iman Shumpert","Conf. games:","Conf. games:","16","83.0","5.2","9.0","108.5","29.8","47.3","52.3","6.6",15.4,26,14.6,0.4,5,38.7,"71-94",0.755,"79-158",0.5,"24-85",0.282,2011,17,"NYK","Georgia Institute of Technology",8,446,11218,3264,1499,833,0.393,0.34,0.766,25.2,7.3,3.4,1.9,12.9,0.055,-0.5,4.2
2011,"Jr","6-5","Iman Shumpert","Top 100 quality games:","Top 100:","20","84.4","4.8","7.3","105.4","28.1","44.8","50.6","5.2",10.4,24.4,14.9,0.5,4.6,34.7,"82-101",0.812,"90-186",0.484,"27-105",0.257,2011,17,"NYK","Georgia Institute of Technology",8,446,11218,3264,1499,833,0.393,0.34,0.766,25.2,7.3,3.4,1.9,12.9,0.055,-0.5,4.2
2011,"Jr","6-5","Iman Shumpert","Top 50 quality games:","Top 50:","11","80.0","4.1","6.1","101.7","28.9","42.6","48.2","4.3",9.6,21.2,13.2,0.7,4.5,26.2,"39-44",0.886,"49-106",0.462,"15-62",0.242,2011,17,"NYK","Georgia Institute of Technology",8,446,11218,3264,1499,833,0.393,0.34,0.766,25.2,7.3,3.4,1.9,12.9,0.055,-0.5,4.2
2011,"Sr","6-3","Charles Jenkins","Hofstra","CAA","32","92.4","6.7","8.9","123.2","28.7","57.7","62.9","1.6",6,31.3,12.8,1.8,2.7,46.3,"179-217",0.825,"176-317",0.555,"63-152",0.414,2011,44,"GSW","Hofstra University",2,110,1334,408,100,214,0.434,0.182,0.754,12.1,3.7,0.9,1.9,0.5,0.017,-5.9,-1.3
2011,"Sr","6-3","Charles Jenkins","Conf. games:","Conf. games:","18","91.9","6.8","9.1","122.9","30.1","56.8","62.1","1.8",8.1,33.5,11.8,1.8,2.6,45,"104-126",0.825,"99-179",0.553,"40-101",0.396,2011,44,"GSW","Hofstra University",2,110,1334,408,100,214,0.434,0.182,0.754,12.1,3.7,0.9,1.9,0.5,0.017,-5.9,-1.3
2011,"Sr","6-3","Charles Jenkins","Top 100 quality games:","Top 100:","10","90.8","6.5","5.5","113.4","29.9","52.8","59.3","1.9",6.9,36.2,15.5,0.3,1.8,47.2,"57-68",0.838,"52-104",0.5,"16-40",0.4,2011,44,"GSW","Hofstra University",2,110,1334,408,100,214,0.434,0.182,0.754,12.1,3.7,0.9,1.9,0.5,0.017,-5.9,-1.3
2011,"Sr","6-3","Charles Jenkins","Top 50 quality games:","Top 50:","3","90.8","5.5","4.7","104.2","31.6","53.6","55.7","0.0",7.1,37.3,16.3,0,2.6,16.4,"7-9",0.778,"22-42",0.524,"5-13",0.385,2011,44,"GSW","Hofstra University",2,110,1334,408,100,214,0.434,0.182,0.754,12.1,3.7,0.9,1.9,0.5,0.017,-5.9,-1.3
2011,"Jr","6-9","Marcus Morris","Kansas","B12","38","70.6","5.0","10.3","122.3","25.9","60.1","62.5","11.5",14.2,11.4,13.7,2.4,1.7,51.1,"148-215",0.688,"214-345",0.62,"26-76",0.342,2011,14,"HOU","University of Kansas",8,545,14454,6293,2514,828,0.431,0.36,0.747,26.5,11.5,4.6,1.5,26.8,0.089,-0.6,4.9
2011,"Jr","6-9","Marcus Morris","Conf. games:","Conf. games:","16","73.3","5.7","10.9","123.1","26.8","63.1","65.4","10.8",20.1,12.1,15.3,2.5,1.8,57.8,"73-104",0.702,"100-150",0.667,"9-30",0.3,2011,14,"HOU","University of Kansas",8,545,14454,6293,2514,828,0.431,0.36,0.747,26.5,11.5,4.6,1.5,26.8,0.089,-0.6,4.9
2011,"Jr","6-9","Marcus Morris","Top 100 quality games:","Top 100:","27","72.6","5.1","9.7","117.5","26.7","56.1","59.6","12.0",14.9,12.2,14.3,2.1,2,57.1,"119-173",0.688,"149-254",0.587,"14-49",0.286,2011,14,"HOU","University of Kansas",8,545,14454,6293,2514,828,0.431,0.36,0.747,26.5,11.5,4.6,1.5,26.8,0.089,-0.6,4.9
2011,"Jr","6-9","Marcus Morris","Top 50 quality games:","Top 50:","10","74.8","4.9","9.0","113.5","25.8","50.5","57.2","10.8",16.4,11.3,14.6,1.7,1.7,57.3,"49-63",0.778,"51-97",0.526,"3-13",0.231,2011,14,"HOU","University of Kansas",8,545,14454,6293,2514,828,0.431,0.36,0.747,26.5,11.5,4.6,1.5,26.8,0.089,-0.6,4.9
2011,"Jr","6-10","Markieff Morris","Kansas","B12","38","60.7","3.8","9.6","118.0","25.2","62.7","64.2","13.9",16.3,11,19,4.9,1.9,46.2,"103-153",0.673,"170-272",0.625,"25-59",0.424,2011,13,"PHO","University of Kansas",8,579,15039,6726,3185,980,0.449,0.338,0.778,26,11.6,5.5,1.7,23.7,0.076,-0.8,4.5
2011,"Jr","6-10","Markieff Morris","Conf. games:","Conf. games:","16","64.5","4.3","10.6","120.0","23.8","67.3","67.0","11.9",24.5,13.1,19.6,5.7,1.9,47.1,"40-64",0.625,"75-112",0.67,"11-24",0.458,2011,13,"PHO","University of Kansas",8,579,15039,6726,3185,980,0.449,0.338,0.778,26,11.6,5.5,1.7,23.7,0.076,-0.8,4.5
2011,"Jr","6-10","Markieff Morris","Top 100 quality games:","Top 100:","27","63.7","3.9","9.1","114.4","24.7","62.2","63.3","12.8",17.9,9.8,19.9,5,1.7,42.4,"68-104",0.654,"124-200",0.62,"19-45",0.422,2011,13,"PHO","University of Kansas",8,579,15039,6726,3185,980,0.449,0.338,0.778,26,11.6,5.5,1.7,23.7,0.076,-0.8,4.5
2011,"Jr","6-10","Markieff Morris","Top 50 quality games:","Top 50:","10","59.0","2.8","7.5","103.0","25.5","61.1","60.0","12.7",22.1,7.9,22.5,3.9,1.4,49.4,"21-40",0.525,"42-69",0.609,"5-12",0.417,2011,13,"PHO","University of Kansas",8,579,15039,6726,3185,980,0.449,0.338,0.778,26,11.6,5.5,1.7,23.7,0.076,-0.8,4.5
2011,"Fr","6-2","Josh Selby","Kansas","B12","26","34.8","1.2","2.3","94.4","23.3","46.1","48.9","2.4",7.9,17.8,24.4,0.2,2.3,19.2,"28-37",0.757,"38-99",0.384,"34-94",0.362,2011,49,"MEM","University of Kansas",2,38,296,83,20,34,0.33,0.143,0.72,7.8,2.2,0.5,0.9,-0.7,-0.113,-10.1,-0.6
2011,"Fr","6-2","Josh Selby","Conf. games:","Conf. games:","13","42.2","1.1","1.1","89.8","24.4","45.1","46.1","3.3",7.3,18.5,24.1,0.4,2.8,17.6,"10-18",0.556,"25-57",0.439,"14-45",0.311,2011,49,"MEM","University of Kansas",2,38,296,83,20,34,0.33,0.143,0.72,7.8,2.2,0.5,0.9,-0.7,-0.113,-10.1,-0.6
2011,"Fr","6-2","Josh Selby","Top 100 quality games:","Top 100:","21","38.1","1.1","1.7","90.7","23.6","45.2","47.7","2.3",6.6,16.5,24.4,0.3,2.1,17.3,"20-27",0.741,"30-80",0.375,"27-76",0.355,2011,49,"MEM","University of Kansas",2,38,296,83,20,34,0.33,0.143,0.72,7.8,2.2,0.5,0.9,-0.7,-0.113,-10.1,-0.6
2011,"Fr","6-2","Josh Selby","Top 50 quality games:","Top 50:","9","40.2","0.5","0.0","82.6","22.7","40.4","42.6","3.0",8.6,18.5,26.3,0,1.4,10.5,"5-6",0.833,"8-27",0.296,"10-30",0.333,2011,49,"MEM","University of Kansas",2,38,296,83,20,34,0.33,0.143,0.72,7.8,2.2,0.5,0.9,-0.7,-0.113,-10.1,-0.6
2011,"Fr","6-3","Brandon Knight","Kentucky","SEC","38","89.4","4.7","5.2","107.8","26.7","50.8","55.3","2.2",7.2,23.4,19.8,0.6,1.1,33.3,"136-171",0.795,"130-282",0.461,"87-231",0.377,2011,8,"DET","University of Kentucky",7,421,12675,6086,1336,1700,0.413,0.354,0.812,30.1,14.5,3.2,4,11.6,0.044,-1.5,1.7
2011,"Fr","6-3","Brandon Knight","Conf. games:","Conf. games:","16","91.8","5.1","5.3","111.1","25.1","51.9","56.7","2.2",10.5,22.3,18.8,0.5,0.8,35.1,"59-73",0.808,"54-121",0.446,"36-87",0.414,2011,8,"DET","University of Kentucky",7,421,12675,6086,1336,1700,0.413,0.354,0.812,30.1,14.5,3.2,4,11.6,0.044,-1.5,1.7
2011,"Fr","6-3","Brandon Knight","Top 100 quality games:","Top 100:","27","90.7","4.6","4.3","102.9","27.8","47.3","53.2","2.5",8.5,22.8,20.5,0.4,1.2,35.8,"111-133",0.835,"93-208",0.447,"55-163",0.337,2011,8,"DET","University of Kentucky",7,421,12675,6086,1336,1700,0.413,0.354,0.812,30.1,14.5,3.2,4,11.6,0.044,-1.5,1.7
2011,"Fr","6-3","Brandon Knight","Top 50 quality games:","Top 50:","17","93.5","4.8","4.8","101.1","27.8","48.8","53.2","1.9",6.5,22.8,21.1,0.3,1.7,29,"58-72",0.806,"58-133",0.436,"42-115",0.365,2011,8,"DET","University of Kentucky",7,421,12675,6086,1336,1700,0.413,0.354,0.812,30.1,14.5,3.2,4,11.6,0.044,-1.5,1.7
2011,"Sr","6-10","Josh Harrellson","Kentucky","SEC","38","71.0","4.0","7.4","131.3","13.7","61.5","61.6","15.2",12,5.1,11.3,5.2,2,26.9,"33-56",0.589,"125-198",0.631,"2-10",0.2,2011,45,"NOH","University of Kentucky",3,75,888,265,227,26,0.438,0.347,0.629,11.8,3.5,3,0.3,2.1,0.116,-0.7,0.3
2011,"Sr","6-10","Josh Harrellson","Conf. games:","Conf. games:","16","71.5","2.7","6.0","119.2","12.6","51.9","51.7","13.8",17.8,5.9,11.5,5.8,2.2,23.5,"9-19",0.474,"42-75",0.56,"0-6",0,2011,45,"NOH","University of Kentucky",3,75,888,265,227,26,0.438,0.347,0.629,11.8,3.5,3,0.3,2.1,0.116,-0.7,0.3
2011,"Sr","6-10","Josh Harrellson","Top 100 quality games:","Top 100:","27","74.7","4.8","8.5","133.4","13.9","63.6","63.1","14.5",13.7,6.8,10.4,4.2,2.3,32.5,"28-49",0.571,"93-143",0.65,"2-8",0.25,2011,45,"NOH","University of Kentucky",3,75,888,265,227,26,0.438,0.347,0.629,11.8,3.5,3,0.3,2.1,0.116,-0.7,0.3
2011,"Sr","6-10","Josh Harrellson","Top 50 quality games:","Top 50:","17","72.9","4.6","7.5","129.0","14.2","60.0","59.1","14.8",13,8.5,10.4,3.5,2.1,29.5,"14-28",0.5,"54-90",0.6,"2-5",0.4,2011,45,"NOH","University of Kentucky",3,75,888,265,227,26,0.438,0.347,0.629,11.8,3.5,3,0.3,2.1,0.116,-0.7,0.3
2011,"Jr","6-6","DeAndre Liggins","Kentucky","SEC","38","78.8","2.2","4.8","106.5","15.9","49.2","52.3","2.2",7.7,14.2,17.3,2.3,2.3,39.8,"68-105",0.648,"76-172",0.442,"36-92",0.391,2011,53,"ORL","University of Kentucky",5,177,1907,346,252,122,0.402,0.352,0.549,10.8,2,1.4,0.7,1.6,0.04,-2,0
2011,"Jr","6-6","DeAndre Liggins","Conf. games:","Conf. games:","16","74.0","1.8","3.5","105.2","14.8","49.1","50.7","1.7",10.1,11.2,14.6,1.7,2.2,29.6,"19-32",0.594,"35-76",0.461,"12-32",0.375,2011,53,"ORL","University of Kentucky",5,177,1907,346,252,122,0.402,0.352,0.549,10.8,2,1.4,0.7,1.6,0.04,-2,0
2011,"Jr","6-6","DeAndre Liggins","Top 100 quality games:","Top 100:","27","80.1","1.7","4.2","99.0","15.8","44.6","48.9","2.0",9.9,11.8,17.5,2.7,2.3,44.3,"54-82",0.659,"51-126",0.405,"21-59",0.356,2011,53,"ORL","University of Kentucky",5,177,1907,346,252,122,0.402,0.352,0.549,10.8,2,1.4,0.7,1.6,0.04,-2,0
2011,"Jr","6-6","DeAndre Liggins","Top 50 quality games:","Top 50:","17","80.3","1.3","3.2","93.3","16.0","43.0","47.1","1.6",9,13.7,21,3,2.1,38.3,"29-44",0.659,"30-75",0.4,"13-40",0.325,2011,53,"ORL","University of Kentucky",5,177,1907,346,252,122,0.402,0.352,0.549,10.8,2,1.4,0.7,1.6,0.04,-2,0
2011,"Fr","6-7","James Johnson","Louisiana Tech","WAC","28","16.2","0.0","-4.9","93.6","15.0","44.4","46.9","12.5",5.8,3.1,19.2,2.3,0.3,63.9,"12-23",0.522,"16-36",0.444,"0-0",0,2009,16,"CHI","Wake Forest University",10,602,12462,4785,2166,1281,0.477,0.305,0.695,20.7,7.9,3.6,2.1,23.5,0.09,1.1,9.7
2011,"Fr","6-7","James Johnson","Conf. games:","Conf. games:","13","17.5","-0.4","-6.9","76.2","14.4","26.3","32.5","11.9",9,1.9,14.8,1.1,0,78.9,"7-15",0.467,"5-19",0.263,"0-0",0,2009,16,"CHI","Wake Forest University",10,602,12462,4785,2166,1281,0.477,0.305,0.695,20.7,7.9,3.6,2.1,23.5,0.09,1.1,9.7
2011,"Fr","6-7","James Johnson","Top 100 quality games:","Top 100:","5","24.0","1.7","3.7","140.9","11.8","66.7","70.4","14.3",2.3,5.9,10.1,4.1,0,22.2,"2-2",1,"6-9",0.667,"0-0",0,2009,16,"CHI","Wake Forest University",10,602,12462,4785,2166,1281,0.477,0.305,0.695,20.7,7.9,3.6,2.1,23.5,0.09,1.1,9.7
2011,"Fr","6-7","James Johnson","Top 50 quality games:","Top 50:","3","20.0","1.3","6.5","126.4","15.1","66.7","66.7","19.2",0,14.3,15.7,7.4,0,0,"0-0",0,"4-6",0.667,"0-0",0,2009,16,"CHI","Wake Forest University",10,602,12462,4785,2166,1281,0.477,0.305,0.695,20.7,7.9,3.6,2.1,23.5,0.09,1.1,9.7
2011,"Sr","6-6","Jimmy Butler","Marquette","BE","37","86.3","5.3","7.8","122.0","21.2","51.6","58.7","8.2",7.2,13.2,11.6,1.1,2.4,62.8,"188-240",0.783,"167-324",0.515,"20-58",0.345,2011,30,"CHI","Marquette University",8,523,17229,8730,2577,1805,0.454,0.341,0.835,32.9,16.7,4.9,3.5,66.1,0.184,4,26
2011,"Sr","6-6","Jimmy Butler","Conf. games:","Conf. games:","18","90.8","6.4","8.3","123.3","21.7","51.8","59.7","8.5",10.3,12.3,11.4,1.1,2.3,66.7,"103-128",0.805,"86-164",0.524,"9-28",0.321,2011,30,"CHI","Marquette University",8,523,17229,8730,2577,1805,0.454,0.341,0.835,32.9,16.7,4.9,3.5,66.1,0.184,4,26
2011,"Sr","6-6","Jimmy Butler","Top 100 quality games:","Top 100:","25","92.0","6.0","7.5","118.3","21.5","50.5","57.2","7.3",8.6,12.7,10.9,0.7,2.2,60.2,"126-165",0.764,"113-226",0.5,"17-48",0.354,2011,30,"CHI","Marquette University",8,523,17229,8730,2577,1805,0.454,0.341,0.835,32.9,16.7,4.9,3.5,66.1,0.184,4,26
2011,"Sr","6-6","Jimmy Butler","Top 50 quality games:","Top 50:","22","92.4","5.9","7.3","116.8","21.9","50.0","56.7","7.0",8.7,12.8,11.1,0.8,2.1,61.6,"114-151",0.755,"97-198",0.49,"17-47",0.362,2011,30,"CHI","Marquette University",8,523,17229,8730,2577,1805,0.454,0.341,0.835,32.9,16.7,4.9,3.5,66.1,0.184,4,26
2011,"So","6-10","Jordan Williams","Maryland","ACC","33","81.3","3.9","6.4","110.8","23.7","53.8","55.2","12.6",16.5,3.9,11.5,4.1,1.2,57.6,"131-228",0.575,"213-396",0.538,"0-0",0,2011,36,"NJN","University of Maryland",1,43,635,197,156,11,0.507,0,0.652,14.8,4.6,3.6,0.3,1.3,0.101,-3.1,-0.2
2011,"So","6-10","Jordan Williams","Conf. games:","Conf. games:","16","85.0","4.4","6.6","109.8","23.8","51.3","55.7","11.1",24.8,4.2,12.7,3.9,1.6,57.6,"75-110",0.682,"98-191",0.513,"0-0",0,2011,36,"NJN","University of Maryland",1,43,635,197,156,11,0.507,0,0.652,14.8,4.6,3.6,0.3,1.3,0.101,-3.1,-0.2
2011,"So","6-10","Jordan Williams","Top 100 quality games:","Top 100:","21","85.6","4.1","6.2","105.5","23.6","54.6","55.1","10.5",19,4.3,12.9,3.4,1.3,55,"75-138",0.543,"137-251",0.546,"0-0",0,2011,36,"NJN","University of Maryland",1,43,635,197,156,11,0.507,0,0.652,14.8,4.6,3.6,0.3,1.3,0.101,-3.1,-0.2
2011,"So","6-10","Jordan Williams","Top 50 quality games:","Top 50:","13","83.7","3.7","5.2","101.0","24.9","52.5","52.9","11.5",18.2,1.5,13.4,2.9,1.4,61.4,"50-97",0.515,"83-158",0.525,"0-0",0,2011,36,"NJN","University of Maryland",1,43,635,197,156,11,0.507,0,0.652,14.8,4.6,3.6,0.3,1.3,0.101,-3.1,-0.2
2011,"So","6-4","Darius Morris","Michigan","B10","34","86.4","5.2","6.0","108.5","29.5","50.6","54.4","3.3",6.7,43.9,18.7,0.1,1.9,37.4,"106-148",0.716,"178-335",0.531,"15-61",0.246,2011,41,"LAL","University of Michigan",4,132,1464,430,126,189,0.384,0.322,0.63,11.1,3.3,1,1.4,-0.3,-0.01,-5.6,-1.3
2011,"So","6-4","Darius Morris","Conf. games:","Conf. games:","18","87.6","5.0","2.8","103.5","31.5","48.3","52.2","4.2",10.5,41.8,19,0,1,41.9,"60-88",0.682,"94-182",0.516,"5-28",0.179,2011,41,"LAL","University of Michigan",4,132,1464,430,126,189,0.384,0.322,0.63,11.1,3.3,1,1.4,-0.3,-0.01,-5.6,-1.3
2011,"So","6-4","Darius Morris","Top 100 quality games:","Top 100:","27","87.2","4.8","4.2","102.5","30.4","48.1","52.1","3.6",8.6,42.3,19.7,0.1,1.6,37.5,"85-120",0.708,"142-272",0.522,"8-48",0.167,2011,41,"LAL","University of Michigan",4,132,1464,430,126,189,0.384,0.322,0.63,11.1,3.3,1,1.4,-0.3,-0.01,-5.6,-1.3
2011,"So","6-4","Darius Morris","Top 50 quality games:","Top 50:","16","85.0","4.7","3.6","99.3","31.5","46.7","50.0","3.8",7.3,43,19.4,0.2,1.6,27.9,"39-55",0.709,"86-169",0.509,"4-28",0.143,2011,41,"LAL","University of Michigan",4,132,1464,430,126,189,0.384,0.322,0.63,11.1,3.3,1,1.4,-0.3,-0.01,-5.6,-1.3
2011,"Sr","6-8","Kenneth Faried","Morehead St.","OVC","32","87.0","4.4","9.2","115.1","25.7","61.0","61.0","19.9",19.8,7.3,18.2,8.1,3.4,68.9,"136-235",0.579,"208-341",0.61,"0-0",0,2011,22,"DEN","Morehead State University",8,478,11728,5430,3884,470,0.546,0.222,0.654,24.5,11.4,8.1,1,38.8,0.159,1.1,9.3
2011,"Sr","6-8","Kenneth Faried","Conf. games:","Conf. games:","18","86.8","3.6","7.9","110.4","25.7","58.8","57.8","21.0",25,9,18.8,8.4,3.1,77,"75-144",0.521,"110-187",0.588,"0-0",0,2011,22,"DEN","Morehead State University",8,478,11728,5430,3884,470,0.546,0.222,0.654,24.5,11.4,8.1,1,38.8,0.159,1.1,9.3
2011,"Sr","6-8","Kenneth Faried","Top 100 quality games:","Top 100:","7","91.4","4.9","7.7","107.0","26.7","59.8","59.5","17.6",13.5,5.7,21,5.1,3.1,43.9,"20-36",0.556,"49-82",0.598,"0-0",0,2011,22,"DEN","Morehead State University",8,478,11728,5430,3884,470,0.546,0.222,0.654,24.5,11.4,8.1,1,38.8,0.159,1.1,9.3
2011,"Sr","6-8","Kenneth Faried","Top 50 quality games:","Top 50:","4","89.4","3.7","7.4","95.8","27.1","48.0","48.7","18.4",16.1,6.6,18.3,6.1,4,40,"10-20",0.5,"24-50",0.48,"0-0",0,2011,22,"DEN","Morehead State University",8,478,11728,5430,3884,470,0.546,0.222,0.654,24.5,11.4,8.1,1,38.8,0.159,1.1,9.3
2011,"Fr","5-10","Justin Jackson","Morgan St.","MEAC","16","5.6","-0.2","-4.0","83.1","13.9","35.7","36.8","4.8",3.3,20,23.9,0,2.5,14.3,"1-2",0.5,"5-10",0.5,"0-4",0,2017,15,"POR","University of North Carolina",2,149,3120,1036,399,170,0.445,0.335,0.765,20.9,7,2.7,1.1,3.9,0.059,-2.5,-0.4
2011,"Fr","5-10","Justin Jackson","Morgan St.","MEAC","16","5.6","-0.2","-4.0","83.1","13.9","35.7","36.8","4.8",3.3,20,23.9,0,2.5,14.3,"1-2",0.5,"5-10",0.5,"0-4",0,2018,43,"DEN","University of Maryland",0,0,0,0,0,0,0,0,0,0,0,0,0,0,0,0,0
2011,"Fr","5-10","Justin Jackson","Conf. games:","Conf. games:","6","2.7","0.2","-3.9","113.2","17.3","60.0","60.0","13.3",6.9,15.9,19.8,0,0,0,"0-0",0,"3-4",0.75,"0-1",0,2017,15,"POR","University of North Carolina",2,149,3120,1036,399,170,0.445,0.335,0.765,20.9,7,2.7,1.1,3.9,0.059,-2.5,-0.4
2011,"Fr","5-10","Justin Jackson","Conf. games:","Conf. games:","6","2.7","0.2","-3.9","113.2","17.3","60.0","60.0","13.3",6.9,15.9,19.8,0,0,0,"0-0",0,"3-4",0.75,"0-1",0,2018,43,"DEN","University of Maryland",0,0,0,0,0,0,0,0,0,0,0,0,0,0,0,0,0
2011,"Fr","5-10","Justin Jackson","Top 100 quality games:","Top 100:","3","6.3","-1.0","-18.4","0.0","16.7","0.0","0.0","0.0",0,0,32.1,0,0,0,"0-0",0,"0-2",0,"0-1",0,2017,15,"POR","University of North Carolina",2,149,3120,1036,399,170,0.445,0.335,0.765,20.9,7,2.7,1.1,3.9,0.059,-2.5,-0.4
2011,"Fr","5-10","Justin Jackson","Top 100 quality games:","Top 100:","3","6.3","-1.0","-18.4","0.0","16.7","0.0","0.0","0.0",0,0,32.1,0,0,0,"0-0",0,"0-2",0,"0-1",0,2018,43,"DEN","University of Maryland",0,0,0,0,0,0,0,0,0,0,0,0,0,0,0,0,0
2011,"Fr","5-10","Justin Jackson","Top 50 quality games:","Top 50:","2","6.3","-0.7","-22.2","0.0","17.8","0.0","0.0","0.0",0,0,59,0,0,0,"0-0",0,"0-0",0,"0-1",0,2017,15,"POR","University of North Carolina",2,149,3120,1036,399,170,0.445,0.335,0.765,20.9,7,2.7,1.1,3.9,0.059,-2.5,-0.4
2011,"Fr","5-10","Justin Jackson","Top 50 quality games:","Top 50:","2","6.3","-0.7","-22.2","0.0","17.8","0.0","0.0","0.0",0,0,59,0,0,0,"0-0",0,"0-0",0,"0-1",0,2018,43,"DEN","University of Maryland",0,0,0,0,0,0,0,0,0,0,0,0,0,0,0,0,0
2011,"Sr","6-5","Tristan Thompson","North Texas","SB","31","80.4","4.1","4.1","118.2","24.2","56.2","64.1","1.9",6.5,11.3,16.7,0.4,1,68.6,"185-221",0.837,"85-175",0.486,"64-147",0.435,2011,4,"CLE","University of Texas at Austin",8,562,15651,5155,4816,504,0.519,0,0.61,27.8,9.2,8.6,0.9,40,0.123,-0.6,5.5
2011,"Sr","6-5","Tristan Thompson","Conf. games:","Conf. games:","16","79.8","3.8","3.4","118.0","23.1","58.9","65.8","1.3",10,10.8,18.2,0.4,0.8,70.4,"88-107",0.822,"43-82",0.524,"31-70",0.443,2011,4,"CLE","University of Texas at Austin",8,562,15651,5155,4816,504,0.519,0,0.61,27.8,9.2,8.6,0.9,40,0.123,-0.6,5.5
2011,"Sr","6-5","Tristan Thompson","Top 100 quality games:","Top 100:","1","95.0","2.0","-3.7","83.1","24.9","40.0","40.3","2.9",0,11.3,12.8,0,0,33.3,"2-5",0.4,"6-9",0.667,"0-6",0,2011,4,"CLE","University of Texas at Austin",8,562,15651,5155,4816,504,0.519,0,0.61,27.8,9.2,8.6,0.9,40,0.123,-0.6,5.5
2011,"Sr","6-5","Tristan Thompson","Top 50 quality games:","Top 50:","1","95.0","2.0","-3.7","83.1","24.9","40.0","40.3","2.9",0,11.3,12.8,0,0,33.3,"2-5",0.4,"6-9",0.667,"0-6",0,2011,4,"CLE","University of Texas at Austin",8,562,15651,5155,4816,504,0.519,0,0.61,27.8,9.2,8.6,0.9,40,0.123,-0.6,5.5
2011,"Sr","6-11","Keith Benson","Oakland","Sum","34","81.0","3.9","6.7","114.5","24.1","55.4","57.9","9.1",13.7,6,13.3,9.8,1.4,57.1,"150-236",0.636,"217-391",0.555,"8-22",0.364,2011,48,"ATL","Oakland University",1,3,9,0,3,0,0,0,0,3,0,1,0,0,-0.005,-10.4,0
2011,"Sr","6-11","Keith Benson","Conf. games:","Conf. games:","18","79.9","3.7","8.2","117.7","23.9","57.9","59.8","9.1",20,4,11.3,11.8,1.6,64.7,"87-139",0.626,"117-203",0.576,"5-12",0.417,2011,48,"ATL","Oakland University",1,3,9,0,3,0,0,0,0,3,0,1,0,0,-0.005,-10.4,0
2011,"Sr","6-11","Keith Benson","Top 100 quality games:","Top 100:","11","88.9","4.3","4.8","105.3","24.9","50.0","53.0","9.8",4.6,3.7,15.5,8,1.2,42.9,"43-67",0.642,"75-147",0.51,"2-9",0.222,2011,48,"ATL","Oakland University",1,3,9,0,3,0,0,0,0,3,0,1,0,0,-0.005,-10.4,0
2011,"Sr","6-11","Keith Benson","Top 50 quality games:","Top 50:","7","88.6","3.7","3.8","100.5","22.6","46.2","49.7","8.7",5.2,2.6,16.1,6,1.6,37.6,"23-35",0.657,"40-85",0.471,"2-8",0.25,2011,48,"ATL","Oakland University",1,3,9,0,3,0,0,0,0,3,0,1,0,0,-0.005,-10.4,0
2011,"Sr","6-6","Jon Diebler","Ohio St.","B10","37","88.9","6.1","10.2","141.9","13.5","70.6","72.3","1.3",6.4,11.6,12.2,0.4,1.7,27.6,"64-79",0.81,"31-59",0.525,"114-227",0.502,2011,51,"POR","Ohio State University",0,0,0,0,0,0,0,0,0,0,0,0,0,0,0,0,0
2011,"Sr","6-6","Jon Diebler","Conf. games:","Conf. games:","18","94.3","7.3","9.7","146.5","12.6","73.4","75.4","1.6",8.1,11.6,11.1,0.2,1.6,32.8,"35-42",0.833,"10-23",0.435,"56-105",0.533,2011,51,"POR","Ohio State University",0,0,0,0,0,0,0,0,0,0,0,0,0,0,0,0,0
2011,"Sr","6-6","Jon Diebler","Top 100 quality games:","Top 100:","26","94.7","6.7","9.6","140.2","13.4","69.4","71.1","1.4",7.8,10.8,11.4,0.5,1.6,30.1,"49-62",0.79,"23-46",0.5,"80-160",0.5,2011,51,"POR","Ohio State University",0,0,0,0,0,0,0,0,0,0,0,0,0,0,0,0,0
2011,"Sr","6-6","Jon Diebler","Top 50 quality games:","Top 50:","18","95.7","8.1","10.6","148.8","13.4","75.4","77.1","1.3",8.6,10.4,12.5,0.7,1.2,31.4,"37-44",0.841,"17-32",0.531,"59-108",0.546,2011,51,"POR","Ohio State University",0,0,0,0,0,0,0,0,0,0,0,0,0,0,0,0,0
2011,"Sr","6-10","JaJuan Johnson","Purdue","B10","34","88.1","5.7","10.8","113.9","27.3","50.9","56.4","7.9",14.4,6.4,10.3,6.7,1.5,40.2,"169-209",0.809,"242-469",0.516,"15-51",0.294,2011,27,"NJN","Purdue University",1,36,298,114,58,6,0.446,0,0.667,8.3,3.2,1.6,0.2,0.2,0.032,-6.3,-0.3
2011,"Sr","6-10","JaJuan Johnson","Conf. games:","Conf. games:","18","90.8","6.1","10.6","113.1","27.6","49.8","56.8","7.5",17.4,5.4,11.6,6.9,1.6,41.2,"99-113",0.876,"123-248",0.496,"9-26",0.346,2011,27,"NJN","Purdue University",1,36,298,114,58,6,0.446,0,0.667,8.3,3.2,1.6,0.2,0.2,0.032,-6.3,-0.3
2011,"Sr","6-10","JaJuan Johnson","Top 100 quality games:","Top 100:","27","92.3","6.0","10.5","111.7","28.0","50.5","56.4","7.2",14.3,6.4,11.2,6.5,1.6,40.1,"142-171",0.83,"194-379",0.512,"14-47",0.298,2011,27,"NJN","Purdue University",1,36,298,114,58,6,0.446,0,0.667,8.3,3.2,1.6,0.2,0.2,0.032,-6.3,-0.3
2011,"Sr","6-10","JaJuan Johnson","Top 50 quality games:","Top 50:","14","93.1","6.4","12.2","111.9","27.9","50.7","56.4","6.5",17.7,6.4,10.1,7.2,1.4,37.2,"71-84",0.845,"98-195",0.503,"11-31",0.355,2011,27,"NJN","Purdue University",1,36,298,114,58,6,0.446,0,0.667,8.3,3.2,1.6,0.2,0.2,0.032,-6.3,-0.3
2011,"Sr","6-4","E'Twaun Moore","Purdue","B10","34","84.4","5.1","8.8","112.1","26.8","51.8","54.5","5.1",7.7,20.9,11.9,1.6,2.2,28.5,"100-141",0.709,"151-319",0.473,"70-175",0.4,2011,55,"BOS","Purdue University",8,515,11155,4144,1032,937,0.458,0.392,0.744,21.7,8,2,1.8,13.5,0.058,-1.8,0.7
2011,"Sr","6-4","E'Twaun Moore","Conf. games:","Conf. games:","18","86.5","5.6","8.4","113.3","26.2","52.1","54.3","4.0",9.7,22.1,10.6,1.8,1.8,25.6,"46-67",0.687,"75-161",0.466,"41-101",0.406,2011,55,"BOS","Purdue University",8,515,11155,4144,1032,937,0.458,0.392,0.744,21.7,8,2,1.8,13.5,0.058,-1.8,0.7
2011,"Sr","6-4","E'Twaun Moore","Top 100 quality games:","Top 100:","27","87.8","5.2","8.1","110.2","26.6","50.5","53.2","4.9",8.1,20.9,10.9,1.7,1.9,28.3,"78-112",0.696,"113-254",0.445,"58-142",0.408,2011,55,"BOS","Purdue University",8,515,11155,4144,1032,937,0.458,0.392,0.744,21.7,8,2,1.8,13.5,0.058,-1.8,0.7
2011,"Sr","6-4","E'Twaun Moore","Top 50 quality games:","Top 50:","14","86.4","5.0","7.2","106.7","26.9","47.5","51.4","3.7",8.1,22.5,10.8,1.1,1.5,31.3,"46-62",0.742,"55-135",0.407,"26-63",0.413,2011,55,"BOS","Purdue University",8,515,11155,4144,1032,937,0.458,0.392,0.744,21.7,8,2,1.8,13.5,0.058,-1.8,0.7
2011,"Sr","6-10","Justin Harper","Richmond","A10","37","79.1","5.1","9.0","121.3","24.7","61.8","64.2","6.5",12.2,8.9,12.1,4,1.2,25.7,"94-118",0.797,"168-287",0.585,"77-172",0.448,2011,32,"CLE","University of Richmond",3,22,150,45,18,4,0.34,0.276,0.333,6.8,2,0.8,0.2,-0.3,-0.093,-8.4,-0.2
2011,"Sr","6-10","Justin Harper","Conf. games:","Conf. games:","16","84.4","5.5","10.1","122.2","25.2","65.2","68.4","5.3",19.8,7.4,15.7,5.1,1.3,30.9,"55-64",0.859,"81-128",0.633,"36-79",0.456,2011,32,"CLE","University of Richmond",3,22,150,45,18,4,0.34,0.276,0.333,6.8,2,0.8,0.2,-0.3,-0.093,-8.4,-0.2
2011,"Sr","6-10","Justin Harper","Top 100 quality games:","Top 100:","14","85.4","5.2","6.6","113.7","24.5","57.6","59.6","8.5",8.2,9.4,13.6,2.3,1,19.5,"28-36",0.778,"66-123",0.537,"27-62",0.435,2011,32,"CLE","University of Richmond",3,22,150,45,18,4,0.34,0.276,0.333,6.8,2,0.8,0.2,-0.3,-0.093,-8.4,-0.2
2011,"Sr","6-10","Justin Harper","Top 50 quality games:","Top 50:","7","87.9","5.9","5.9","114.3","24.7","52.5","55.0","7.9",8.4,8.9,9.5,2,1.3,12.7,"12-13",0.923,"34-69",0.493,"13-33",0.394,2011,32,"CLE","University of Richmond",3,22,150,45,18,4,0.34,0.276,0.333,6.8,2,0.8,0.2,-0.3,-0.093,-8.4,-0.2
2011,"So","6-6","Kawhi Leonard","San Diego St.","MWC","34","79.6","4.4","7.9","108.7","27.7","46.3","50.8","11.4",17.7,16.4,15.1,1.9,2.8,32.1,"110-145",0.759,"175-371",0.472,"23-81",0.284,2011,15,"IND","San Diego State University",8,467,14404,8250,2950,1123,0.495,0.383,0.848,30.8,17.7,6.3,2.4,65.8,0.219,6.1,29.4
2011,"So","6-6","Kawhi Leonard","Conf. games:","Conf. games:","16","82.2","3.8","7.7","102.8","28.6","40.7","47.2","12.6",27.3,17.1,16,1.9,2.8,41,"66-86",0.767,"78-183",0.426,"5-27",0.185,2011,15,"IND","San Diego State University",8,467,14404,8250,2950,1123,0.495,0.383,0.848,30.8,17.7,6.3,2.4,65.8,0.219,6.1,29.4
2011,"So","6-6","Kawhi Leonard","Top 100 quality games:","Top 100:","17","84.8","5.0","8.5","107.2","28.5","44.5","50.1","10.0",19.8,16.3,13.7,1.9,2.9,33.9,"67-83",0.807,"91-203",0.448,"12-42",0.286,2011,15,"IND","San Diego State University",8,467,14404,8250,2950,1123,0.495,0.383,0.848,30.8,17.7,6.3,2.4,65.8,0.219,6.1,29.4
2011,"So","6-6","Kawhi Leonard","Top 50 quality games:","Top 50:","11","86.0","5.5","8.0","108.2","28.7","44.4","50.1","11.9",21.2,17.3,15.2,1.3,2.7,33.5,"44-54",0.815,"58-133",0.436,"9-28",0.321,2011,15,"IND","San Diego State University",8,467,14404,8250,2950,1123,0.495,0.383,0.848,30.8,17.7,6.3,2.4,65.8,0.219,6.1,29.4
2011,"Jr","6-10","Nikola Vucevic","USC","P12","34","87.0","5.2","7.8","115.9","25.1","53.9","57.8","9.8",15,11,12.1,4.4,0.9,38.3,"123-163",0.755,"186-343",0.542,"29-83",0.349,2011,16,"PHI","University of Southern California",8,536,16105,8411,5437,1310,0.502,0.332,0.741,30,15.7,10.1,2.4,41.7,0.124,1.7,15.2
2011,"Jr","6-10","Nikola Vucevic","Conf. games:","Conf. games:","18","87.3","6.8","10.9","124.7","25.6","58.1","61.4","10.4",22.9,8.6,8.2,3.1,1,33.3,"64-82",0.78,"113-199",0.568,"20-47",0.426,2011,16,"PHI","University of Southern California",8,536,16105,8411,5437,1310,0.502,0.332,0.741,30,15.7,10.1,2.4,41.7,0.124,1.7,15.2
2011,"Jr","6-10","Nikola Vucevic","Top 100 quality games:","Top 100:","21","86.5","5.0","7.5","111.1","25.5","51.5","56.5","8.6",19.8,10,12.8,3.9,1.2,32.7,"73-87",0.839,"113-210",0.538,"16-56",0.286,2011,16,"PHI","University of Southern California",8,536,16105,8411,5437,1310,0.502,0.332,0.741,30,15.7,10.1,2.4,41.7,0.124,1.7,15.2
2011,"Jr","6-10","Nikola Vucevic","Top 50 quality games:","Top 50:","10","85.2","6.8","9.6","121.7","26.3","55.4","61.4","7.8",16.8,13.9,10.3,2.6,1.5,38,"44-49",0.898,"61-102",0.598,"7-27",0.259,2011,16,"PHI","University of Southern California",8,536,16105,8411,5437,1310,0.502,0.332,0.741,30,15.7,10.1,2.4,41.7,0.124,1.7,15.2
2011,"Sr","6-9","Lavoy Allen","Temple","A10","33","81.5","2.9","4.4","107.7","20.1","48.8","51.9","9.3",13.9,13.6,14.7,5.4,1.3,30.8,"69-99",0.697,"149-304",0.49,"5-17",0.294,2011,50,"PHI","Temple University",6,388,6905,1847,1843,384,0.471,0.133,0.682,17.8,4.8,4.8,1,13.8,0.096,-1.2,1.3
2011,"Sr","6-9","Lavoy Allen","Conf. games:","Conf. games:","15","76.7","2.8","4.3","107.4","21.1","50.7","53.7","10.8",20.9,12.8,16.8,5.1,1.2,36.4,"35-52",0.673,"71-140",0.507,"1-3",0.333,2011,50,"PHI","Temple University",6,388,6905,1847,1843,384,0.471,0.133,0.682,17.8,4.8,4.8,1,13.8,0.096,-1.2,1.3
2011,"Sr","6-9","Lavoy Allen","Top 100 quality games:","Top 100:","14","78.4","2.2","4.2","98.2","18.9","41.3","46.2","7.3",9.8,14.1,14.9,5.1,1.4,33.3,"31-42",0.738,"46-113",0.407,"4-13",0.308,2011,50,"PHI","Temple University",6,388,6905,1847,1843,384,0.471,0.133,0.682,17.8,4.8,4.8,1,13.8,0.096,-1.2,1.3
2011,"Sr","6-9","Lavoy Allen","Top 50 quality games:","Top 50:","8","85.2","3.6","5.7","110.1","17.8","45.8","50.1","9.3",15.6,12.6,11.2,4.9,1.3,37.5,"19-27",0.704,"27-65",0.415,"4-7",0.571,2011,50,"PHI","Temple University",6,388,6905,1847,1843,384,0.471,0.133,0.682,17.8,4.8,4.8,1,13.8,0.096,-1.2,1.3
2011,"Fr","6-8","Tobias Harris","Tennessee","SEC","34","72.5","3.9","6.3","109.5","25.9","48.9","54.0","7.5",14.3,10.4,14.3,3.4,1.4,42.3,"128-170",0.753,"162-326",0.497,"23-76",0.303,2011,19,"CHA","University of Tennessee",8,546,16592,8435,3250,1029,0.471,0.364,0.822,30.4,15.4,6,1.9,39.4,0.114,0.1,9
2011,"Fr","6-8","Tobias Harris","Conf. games:","Conf. games:","16","73.8","3.7","6.3","106.2","26.1","47.4","51.9","7.8",22.7,10,14.3,3.2,1.4,35.1,"51-68",0.75,"74-157",0.471,"12-37",0.324,2011,19,"CHA","University of Tennessee",8,546,16592,8435,3250,1029,0.471,0.364,0.822,30.4,15.4,6,1.9,39.4,0.114,0.1,9
2011,"Fr","6-8","Tobias Harris","Top 100 quality games:","Top 100:","25","75.6","4.0","5.8","108.3","25.3","48.3","53.6","6.1",13.9,9.4,14.5,3.2,1.3,43.2,"98-130",0.754,"120-240",0.5,"17-61",0.279,2011,19,"CHA","University of Tennessee",8,546,16592,8435,3250,1029,0.471,0.364,0.822,30.4,15.4,6,1.9,39.4,0.114,0.1,9
2011,"Fr","6-8","Tobias Harris","Top 50 quality games:","Top 50:","11","75.5","4.0","6.3","108.6","23.8","52.1","55.4","6.2",16.6,7.4,13.9,3.8,1.5,36.7,"31-44",0.705,"46-89",0.517,"11-31",0.355,2011,19,"CHA","University of Tennessee",8,546,16592,8435,3250,1029,0.471,0.364,0.822,30.4,15.4,6,1.9,39.4,0.114,0.1,9
2011,"So","6-7","Jordan Hamilton","Texas","B12","36","80.0","4.9","9.9","113.6","27.1","52.2","55.0","7.0",12.9,14.6,14.3,1.8,1.6,22.1,"95-122",0.779,"153-318",0.481,"90-234",0.385,2011,26,"DAL","University of Texas at Austin",5,151,2100,890,429,127,0.408,0.357,0.67,13.9,5.9,2.8,0.8,3,0.069,-1.5,0.3
2011,"So","6-7","Jordan Hamilton","Conf. games:","Conf. games:","16","82.8","4.5","9.1","108.5","27.1","50.2","54.1","7.0",18.5,13.7,17.5,2,1.4,23.2,"46-54",0.852,"57-127",0.449,"40-106",0.377,2011,26,"DAL","University of Texas at Austin",5,151,2100,890,429,127,0.408,0.357,0.67,13.9,5.9,2.8,0.8,3,0.069,-1.5,0.3
2011,"So","6-7","Jordan Hamilton","Top 100 quality games:","Top 100:","22","82.5","5.0","9.1","108.3","28.2","50.0","53.3","7.1",15,14.1,15.5,2,1.8,23.9,"65-83",0.783,"100-208",0.481,"49-139",0.353,2011,26,"DAL","University of Texas at Austin",5,151,2100,890,429,127,0.408,0.357,0.67,13.9,5.9,2.8,0.8,3,0.069,-1.5,0.3
2011,"So","6-7","Jordan Hamilton","Top 50 quality games:","Top 50:","12","81.8","5.2","8.8","105.7","30.4","49.0","52.0","8.0",11.1,15.2,14.3,2.7,1.8,23,"36-48",0.75,"59-132",0.447,"29-77",0.377,2011,26,"DAL","University of Texas at Austin",5,151,2100,890,429,127,0.408,0.357,0.67,13.9,5.9,2.8,0.8,3,0.069,-1.5,0.3
2011,"Fr","6-8","Tristan Thompson","Texas","B12","36","76.8","3.3","8.2","107.4","23.1","54.6","53.6","13.9",9,8,14.5,7.2,1.8,82.9,"127-261",0.487,"172-315",0.546,"0-0",0,2011,4,"CLE","University of Texas at Austin",8,562,15651,5155,4816,504,0.519,0,0.61,27.8,9.2,8.6,0.9,40,0.123,-0.6,5.5
2011,"Fr","6-8","Tristan Thompson","Conf. games:","Conf. games:","16","78.3","4.0","9.3","108.5","25.5","55.7","54.7","13.0",13.7,10,13.6,7.6,1.3,91.9,"68-137",0.496,"83-149",0.557,"0-0",0,2011,4,"CLE","University of Texas at Austin",8,562,15651,5155,4816,504,0.519,0,0.61,27.8,9.2,8.6,0.9,40,0.123,-0.6,5.5
2011,"Fr","6-8","Tristan Thompson","Top 100 quality games:","Top 100:","22","81.3","3.9","8.1","108.7","22.0","54.9","54.2","12.5",9.3,7.5,13.4,7.4,1.6,80.5,"78-157",0.497,"107-195",0.549,"0-0",0,2011,4,"CLE","University of Texas at Austin",8,562,15651,5155,4816,504,0.519,0,0.61,27.8,9.2,8.6,0.9,40,0.123,-0.6,5.5
2011,"Fr","6-8","Tristan Thompson","Top 50 quality games:","Top 50:","12","80.6","3.6","6.4","106.6","20.0","52.0","52.5","9.9",6.7,7.6,12.5,6.9,1.3,80,"41-80",0.512,"52-100",0.52,"0-0",0,2011,4,"CLE","University of Texas at Austin",8,562,15651,5155,4816,504,0.519,0,0.61,27.8,9.2,8.6,0.9,40,0.123,-0.6,5.5
2011,"Fr","6-3","Cory Joseph","Texas","B12","36","80.4","2.8","5.9","110.9","16.8","50.3","52.6","2.2",5.8,17.3,16.1,0.9,1.9,22.7,"51-73",0.699,"84-196",0.429,"52-126",0.413,2011,29,"SAS","University of Texas at Austin",8,528,11356,3665,1363,1485,0.444,0.327,0.761,21.5,6.9,2.6,2.8,21.8,0.092,-0.6,3.9
2011,"Fr","6-3","Cory Joseph","Conf. games:","Conf. games:","16","81.7","3.0","6.2","112.3","16.1","51.5","53.3","2.7",8.2,17.1,15.6,0.9,1.9,20.7,"19-28",0.679,"35-80",0.438,"23-55",0.418,2011,29,"SAS","University of Texas at Austin",8,528,11356,3665,1363,1485,0.444,0.327,0.761,21.5,6.9,2.6,2.8,21.8,0.092,-0.6,3.9
2011,"Fr","6-3","Cory Joseph","Top 100 quality games:","Top 100:","22","83.9","2.7","4.8","105.7","16.8","45.1","47.6","2.2",5.7,15.6,12.3,1,1.8,21.9,"32-47",0.681,"58-144",0.403,"26-71",0.366,2011,29,"SAS","University of Texas at Austin",8,528,11356,3665,1363,1485,0.444,0.327,0.761,21.5,6.9,2.6,2.8,21.8,0.092,-0.6,3.9
2011,"Fr","6-3","Cory Joseph","Top 50 quality games:","Top 50:","12","83.9","2.6","4.2","103.1","16.6","42.4","45.3","2.0",4.9,17.7,10.2,0.9,1.6,23.7,"19-28",0.679,"35-83",0.422,"10-35",0.286,2011,29,"SAS","University of Texas at Austin",8,528,11356,3665,1363,1485,0.444,0.327,0.761,21.5,6.9,2.6,2.8,21.8,0.092,-0.6,3.9
2011,"Jr","6-5","Malcolm Lee","UCLA","P12","33","79.5","3.3","3.1","110.4","19.5","49.7","55.3","2.6",5.6,12.9,15.3,0.6,1.2,44.6,"112-144",0.778,"102-191",0.534,"39-132",0.295,2011,43,"CHI","University of California, Los Angeles",3,36,534,140,65,51,0.382,0.294,0.703,14.8,3.9,1.8,1.4,0.4,0.04,-2,0
2011,"Jr","6-5","Malcolm Lee","Conf. games:","Conf. games:","18","86.9","3.8","3.4","111.5","19.6","49.5","56.2","2.0",5.7,13.4,15.1,0.7,1.1,42.9,"67-79",0.848,"55-102",0.539,"24-82",0.293,2011,43,"CHI","University of California, Los Angeles",3,36,534,140,65,51,0.382,0.294,0.703,14.8,3.9,1.8,1.4,0.4,0.04,-2,0
2011,"Jr","6-5","Malcolm Lee","Top 100 quality games:","Top 100:","22","85.5","3.4","2.8","107.9","19.0","46.5","52.8","2.7",6.8,12.5,14.6,0.5,1.1,48.4,"80-105",0.762,"65-131",0.496,"24-86",0.279,2011,43,"CHI","University of California, Los Angeles",3,36,534,140,65,51,0.382,0.294,0.703,14.8,3.9,1.8,1.4,0.4,0.04,-2,0
2011,"Jr","6-5","Malcolm Lee","Top 50 quality games:","Top 50:","12","84.1","2.2","2.4","98.8","18.3","38.4","46.5","2.0",7.8,13,12.4,0.7,1.4,54.5,"45-61",0.738,"37-76",0.487,"4-36",0.111,2011,43,"CHI","University of California, Los Angeles",3,36,534,140,65,51,0.382,0.294,0.703,14.8,3.9,1.8,1.4,0.4,0.04,-2,0
2011,"So","6-8","Tyler Honeycutt","UCLA","P12","33","83.9","2.3","4.8","97.9","21.7","48.3","51.9","5.3",11.5,16.8,23.6,5.6,1.5,29.9,"78-106",0.736,"89-203",0.438,"55-152",0.362,2011,35,"SAC","University of California, Los Angeles",2,24,120,28,24,9,0.314,0.2,0.714,5,1.2,1,0.4,-0.1,-0.049,-6.4,-0.1
2011,"So","6-8","Tyler Honeycutt","Conf. games:","Conf. games:","18","87.6","1.6","4.1","92.6","20.7","45.3","48.6","4.8",16.9,17.4,24.2,5.8,1.1,26.5,"34-48",0.708,"40-99",0.404,"28-82",0.341,2011,35,"SAC","University of California, Los Angeles",2,24,120,28,24,9,0.314,0.2,0.714,5,1.2,1,0.4,-0.1,-0.049,-6.4,-0.1
2011,"So","6-8","Tyler Honeycutt","Top 100 quality games:","Top 100:","22","88.4","3.0","5.7","100.9","21.0","48.7","53.1","5.5",13.8,16.1,22.8,5.1,1.5,34.5,"61-80",0.762,"56-137",0.409,"38-95",0.4,2011,35,"SAC","University of California, Los Angeles",2,24,120,28,24,9,0.314,0.2,0.714,5,1.2,1,0.4,-0.1,-0.049,-6.4,-0.1
2011,"So","6-8","Tyler Honeycutt","Top 50 quality games:","Top 50:","12","87.4","3.0","6.9","100.4","20.9","48.0","54.0","4.2",13.4,16,22.2,5.5,1.7,43.4,"42-53",0.792,"27-75",0.36,"21-47",0.447,2011,35,"SAC","University of California, Los Angeles",2,24,120,28,24,9,0.314,0.2,0.714,5,1.2,1,0.4,-0.1,-0.049,-6.4,-0.1
2011,"Jr","6-1","Kemba Walker","Connecticut","BE","41","92.4","7.5","11.8","117.8","31.5","47.8","54.3","3.9",8.6,28,11.8,0.5,3.1,42.6,"258-315",0.819,"241-512",0.471,"75-227",0.33,2011,9,"CHA","University of Connecticut",8,605,20607,12009,2317,3308,0.418,0.357,0.835,34.1,19.8,3.8,5.5,48.5,0.113,2.5,23.2
2011,"Jr","6-1","Kemba Walker","Conf. games:","Conf. games:","18","94.6","6.5","9.9","110.5","30.6","44.7","50.0","3.6",9.3,28.2,9.6,0.3,2.7,37.3,"94-124",0.758,"96-226",0.425,"35-106",0.33,2011,9,"CHA","University of Connecticut",8,605,20607,12009,2317,3308,0.418,0.357,0.835,34.1,19.8,3.8,5.5,48.5,0.113,2.5,23.2
2011,"Jr","6-1","Kemba Walker","Top 100 quality games:","Top 100:","29","94.1","7.4","10.6","111.5","32.8","44.5","51.2","3.2",11.1,28.7,12,0.4,3.1,41,"182-224",0.813,"167-380",0.439,"51-167",0.305,2011,9,"CHA","University of Connecticut",8,605,20607,12009,2317,3308,0.418,0.357,0.835,34.1,19.8,3.8,5.5,48.5,0.113,2.5,23.2
2011,"Jr","6-1","Kemba Walker","Top 50 quality games:","Top 50:","24","93.7","7.3","10.7","110.5","32.7","44.1","51.2","2.7",11.3,26.2,11.8,0.3,3.4,41.5,"155-187",0.829,"136-311",0.437,"42-140",0.3,2011,9,"CHA","University of Connecticut",8,605,20607,12009,2317,3308,0.418,0.357,0.835,34.1,19.8,3.8,5.5,48.5,0.113,2.5,23.2
2011,"Jr","5-9","Isaiah Thomas","Washington","P12","35","79.1","5.0","7.8","114.3","27.2","51.7","56.3","2.5",6.4,32.7,19,0.2,2.3,49.8,"151-210",0.719,"128-250",0.512,"60-172",0.349,2011,60,"SAC","University of Washington",8,485,14257,9020,1220,2453,0.437,0.36,0.874,29.4,18.6,2.5,5.1,45.3,0.152,1.9,13.9
2011,"Jr","5-9","Isaiah Thomas","Conf. games:","Conf. games:","18","81.2","5.2","7.7","113.1","27.7","51.2","56.9","2.3",8.9,37.4,20.6,0.2,2.1,52.6,"85-112",0.759,"58-115",0.504,"34-98",0.347,2011,60,"SAC","University of Washington",8,485,14257,9020,1220,2453,0.437,0.36,0.874,29.4,18.6,2.5,5.1,45.3,0.152,1.9,13.9
2011,"Jr","5-9","Isaiah Thomas","Top 100 quality games:","Top 100:","23","82.6","5.5","8.4","113.0","27.7","50.5","55.5","2.5",7.6,37.7,19.4,0.1,2.5,49.6,"100-138",0.725,"85-173",0.491,"37-105",0.352,2011,60,"SAC","University of Washington",8,485,14257,9020,1220,2453,0.437,0.36,0.874,29.4,18.6,2.5,5.1,45.3,0.152,1.9,13.9
2011,"Jr","5-9","Isaiah Thomas","Top 50 quality games:","Top 50:","10","84.9","4.5","6.6","103.9","27.2","46.5","53.5","2.3",4.4,33.5,22.6,0,2.3,66.4,"54-75",0.72,"36-78",0.462,"11-35",0.314,2011,60,"SAC","University of Washington",8,485,14257,9020,1220,2453,0.437,0.36,0.874,29.4,18.6,2.5,5.1,45.3,0.152,1.9,13.9
2011,"Jr","6-6","Klay Thompson","Washington St.","P12","34","83.0","5.1","8.5","107.6","31.9","52.5","57.4","2.6",9.3,25,17.8,3.1,2.8,33.6,"155-185",0.838,"142-305",0.466,"98-246",0.398,2011,11,"GSW","Washington State University",8,615,20340,11995,2130,1416,0.459,0.419,0.848,33.1,19.5,3.5,2.3,46.8,0.11,0.2,11.3
2011,"Jr","6-6","Klay Thompson","Conf. games:","Conf. games:","17","83.0","4.6","6.6","101.0","32.3","49.8","54.5","3.8",12.3,25.7,19.8,3.8,2.4,28,"68-80",0.85,"66-161",0.41,"51-125",0.408,2011,11,"GSW","Washington State University",8,615,20340,11995,2130,1416,0.459,0.419,0.848,33.1,19.5,3.5,2.3,46.8,0.11,0.2,11.3
2011,"Jr","6-6","Klay Thompson","Top 100 quality games:","Top 100:","23","83.3","5.5","9.0","106.7","32.3","51.8","56.9","2.9",9.5,22.7,16.4,3,3,34.9,"113-136",0.831,"97-221",0.439,"70-169",0.414,2011,11,"GSW","Washington State University",8,615,20340,11995,2130,1416,0.459,0.419,0.848,33.1,19.5,3.5,2.3,46.8,0.11,0.2,11.3
2011,"Jr","6-6","Klay Thompson","Top 50 quality games:","Top 50:","11","86.1","5.2","8.5","101.5","34.4","50.8","55.6","2.7",7.1,21.1,17.5,2.3,3.4,39.1,"58-75",0.773,"45-112",0.402,"35-80",0.438,2011,11,"GSW","Washington State University",8,615,20340,11995,2130,1416,0.459,0.419,0.848,33.1,19.5,3.5,2.3,46.8,0.11,0.2,11.3
2011,"Sr","6-10","Jon Leuer","Wisconsin","B10","34","83.1","6.0","9.2","116.8","29.4","52.6","56.8","6.5",13.9,12.8,11.3,3.1,1,27.7,"113-134",0.843,"173-337",0.513,"54-146",0.37,2011,40,"MIL","University of Wisconsin",8,377,5945,2395,1426,301,0.484,0.328,0.767,15.8,6.4,3.8,0.8,13.2,0.107,-1.4,0.9
2011,"Sr","6-10","Jon Leuer","Conf. games:","Conf. games:","18","84.9","6.4","7.8","113.6","30.5","50.6","55.3","6.8",21,10.7,10.2,1.3,0.8,26.5,"62-70",0.886,"102-195",0.523,"21-69",0.304,2011,40,"MIL","University of Wisconsin",8,377,5945,2395,1426,301,0.484,0.328,0.767,15.8,6.4,3.8,0.8,13.2,0.107,-1.4,0.9
2011,"Sr","6-10","Jon Leuer","Top 100 quality games:","Top 100:","26","84.2","5.6","7.1","109.8","29.8","48.8","53.5","5.9",18.1,10.7,11.1,2.2,0.8,27,"86-100",0.86,"134-267",0.502,"31-103",0.301,2011,40,"MIL","University of Wisconsin",8,377,5945,2395,1426,301,0.484,0.328,0.767,15.8,6.4,3.8,0.8,13.2,0.107,-1.4,0.9
2011,"Sr","6-10","Jon Leuer","Top 50 quality games:","Top 50:","18","83.7","5.1","6.1","105.7","29.1","47.7","51.8","5.7",18,8.8,11.6,1.7,0.7,23.3,"51-60",0.85,"88-181",0.486,"23-76",0.303,2011,40,"MIL","University of Wisconsin",8,377,5945,2395,1426,301,0.484,0.328,0.767,15.8,6.4,3.8,0.8,13.2,0.107,-1.4,0.9
